source_plate,destination_plate,source_well,destination_well,volume_nL
color_plate,art_plate,A1,A2,350
color_plate,art_plate,A1,A3,350
color_plate,art_plate,A1,A4,350
color_plate,art_plate,A1,A13,350
color_plate,art_plate,A1,A15,350
color_plate,art_plate,A1,A17,350
color_plate,art_plate,A1,A19,350
color_plate,art_plate,A1,A21,350
color_plate,art_plate,A1,A23,350
color_plate,art_plate,A1,A25,350
color_plate,art_plate,A1,A27,350
color_plate,art_plate,A1,A29,350
color_plate,art_plate,A1,A31,350
color_plate,art_plate,A1,A33,350
color_plate,art_plate,A1,A35,350
color_plate,art_plate,A1,A37,350
color_plate,art_plate,A1,A39,350
color_plate,art_plate,A1,A41,350
color_plate,art_plate,A1,A43,350
color_plate,art_plate,A1,B1,350
color_plate,art_plate,A1,B13,350
color_plate,art_plate,A1,B14,350
color_plate,art_plate,A1,B17,350
color_plate,art_plate,A1,B19,350
color_plate,art_plate,A1,B20,350
color_plate,art_plate,A1,B21,350
color_plate,art_plate,A1,B23,350
color_plate,art_plate,A1,B27,350
color_plate,art_plate,A1,B28,350
color_plate,art_plate,A1,B29,350
color_plate,art_plate,A1,B30,350
color_plate,art_plate,A1,B31,350
color_plate,art_plate,A1,B33,350
color_plate,art_plate,A1,B39,350
color_plate,art_plate,A1,B41,350
color_plate,art_plate,A1,B42,350
color_plate,art_plate,A1,B43,350
color_plate,art_plate,A1,B44,350
color_plate,art_plate,A1,C2,350
color_plate,art_plate,A1,C3,350
color_plate,art_plate,A1,C13,350
color_plate,art_plate,A1,C16,350
color_plate,art_plate,A1,C18,350
color_plate,art_plate,A1,C20,350
color_plate,art_plate,A1,C24,350
color_plate,art_plate,A1,C29,350
color_plate,art_plate,A1,C31,350
color_plate,art_plate,A1,C33,350
color_plate,art_plate,A1,C34,350
color_plate,art_plate,A1,D4,350
color_plate,art_plate,A1,D13,350
color_plate,art_plate,A1,D21,350
color_plate,art_plate,A1,D22,350
color_plate,art_plate,A1,D23,350
color_plate,art_plate,A1,D24,350
color_plate,art_plate,A1,D25,350
color_plate,art_plate,A1,D27,350
color_plate,art_plate,A1,D28,350
color_plate,art_plate,A1,D29,350
color_plate,art_plate,A1,D30,350
color_plate,art_plate,A1,D31,350
color_plate,art_plate,A1,D33,350
color_plate,art_plate,A1,D36,350
color_plate,art_plate,A1,D37,350
color_plate,art_plate,A1,D38,350
color_plate,art_plate,A1,D42,350
color_plate,art_plate,A1,D44,350
color_plate,art_plate,A1,E1,350
color_plate,art_plate,A1,E2,350
color_plate,art_plate,A1,E3,350
color_plate,art_plate,A1,E13,350
color_plate,art_plate,A1,E14,350
color_plate,art_plate,A1,E16,350
color_plate,art_plate,A1,E18,350
color_plate,art_plate,A1,E21,350
color_plate,art_plate,A1,E25,350
color_plate,art_plate,A1,E29,350
color_plate,art_plate,A1,E33,350
color_plate,art_plate,A1,E35,350
color_plate,art_plate,A1,E36,350
color_plate,art_plate,A1,E37,350
color_plate,art_plate,A1,E38,350
color_plate,art_plate,A1,E40,350
color_plate,art_plate,A1,E41,350
color_plate,art_plate,A1,E42,350
color_plate,art_plate,A1,E43,350
color_plate,art_plate,A1,F13,350
color_plate,art_plate,A1,F14,350
color_plate,art_plate,A1,F16,350
color_plate,art_plate,A1,F17,350
color_plate,art_plate,A1,F18,350
color_plate,art_plate,A1,F20,350
color_plate,art_plate,A1,F22,350
color_plate,art_plate,A1,F23,350
color_plate,art_plate,A1,F25,350
color_plate,art_plate,A1,F28,350
color_plate,art_plate,A1,F29,350
color_plate,art_plate,A1,F31,350
color_plate,art_plate,A1,F32,350
color_plate,art_plate,A1,F33,350
color_plate,art_plate,A1,F34,350
color_plate,art_plate,A1,F39,350
color_plate,art_plate,A1,F42,350
color_plate,art_plate,A1,F44,350
color_plate,art_plate,A1,G2,350
color_plate,art_plate,A1,G3,350
color_plate,art_plate,A1,G13,350
color_plate,art_plate,A1,G14,350
color_plate,art_plate,A1,G15,350
color_plate,art_plate,A1,G17,350
color_plate,art_plate,A1,G18,350
color_plate,art_plate,A1,G20,350
color_plate,art_plate,A1,G24,350
color_plate,art_plate,A1,G25,350
color_plate,art_plate,A1,G26,350
color_plate,art_plate,A1,G29,350
color_plate,art_plate,A1,G30,350
color_plate,art_plate,A1,G32,350
color_plate,art_plate,A1,G33,350
color_plate,art_plate,A1,G35,350
color_plate,art_plate,A1,G37,350
color_plate,art_plate,A1,G40,350
color_plate,art_plate,A1,G41,350
color_plate,art_plate,A1,G42,350
color_plate,art_plate,A1,G43,350
color_plate,art_plate,A1,H1,350
color_plate,art_plate,A1,H13,350
color_plate,art_plate,A1,H14,350
color_plate,art_plate,A1,H16,350
color_plate,art_plate,A1,H19,350
color_plate,art_plate,A1,H21,350
color_plate,art_plate,A1,H22,350
color_plate,art_plate,A1,H24,350
color_plate,art_plate,A1,H26,350
color_plate,art_plate,A1,H28,350
color_plate,art_plate,A1,H29,350
color_plate,art_plate,A1,H30,350
color_plate,art_plate,A1,H33,350
color_plate,art_plate,A1,H35,350
color_plate,art_plate,A1,H36,350
color_plate,art_plate,A1,H39,350
color_plate,art_plate,A1,H41,350
color_plate,art_plate,A1,H42,350
color_plate,art_plate,A1,H43,350
color_plate,art_plate,A1,H44,350
color_plate,art_plate,A1,I1,350
color_plate,art_plate,A1,I13,350
color_plate,art_plate,A1,I14,350
color_plate,art_plate,A1,I15,350
color_plate,art_plate,A1,I18,350
color_plate,art_plate,A1,I19,350
color_plate,art_plate,A1,I25,350
color_plate,art_plate,A1,I27,350
color_plate,art_plate,A1,I29,350
color_plate,art_plate,A1,I30,350
color_plate,art_plate,A1,I31,350
color_plate,art_plate,A1,I34,350
color_plate,art_plate,A1,I35,350
color_plate,art_plate,A1,I36,350
color_plate,art_plate,A1,I39,350
color_plate,art_plate,A1,I40,350
color_plate,art_plate,A1,I42,350
color_plate,art_plate,A1,J1,350
color_plate,art_plate,A1,J13,350
color_plate,art_plate,A1,J14,350
color_plate,art_plate,A1,J16,350
color_plate,art_plate,A1,J17,350
color_plate,art_plate,A1,J20,350
color_plate,art_plate,A1,J21,350
color_plate,art_plate,A1,J22,350
color_plate,art_plate,A1,J23,350
color_plate,art_plate,A1,J24,350
color_plate,art_plate,A1,J25,350
color_plate,art_plate,A1,J27,350
color_plate,art_plate,A1,J28,350
color_plate,art_plate,A1,J29,350
color_plate,art_plate,A1,J32,350
color_plate,art_plate,A1,J33,350
color_plate,art_plate,A1,J34,350
color_plate,art_plate,A1,J42,350
color_plate,art_plate,A1,J43,350
color_plate,art_plate,A1,J44,350
color_plate,art_plate,A1,K2,350
color_plate,art_plate,A1,K3,350
color_plate,art_plate,A1,K13,350
color_plate,art_plate,A1,K17,350
color_plate,art_plate,A1,K18,350
color_plate,art_plate,A1,K19,350
color_plate,art_plate,A1,K21,350
color_plate,art_plate,A1,K22,350
color_plate,art_plate,A1,K23,350
color_plate,art_plate,A1,K24,350
color_plate,art_plate,A1,K26,350
color_plate,art_plate,A1,K29,350
color_plate,art_plate,A1,K30,350
color_plate,art_plate,A1,K32,350
color_plate,art_plate,A1,K37,350
color_plate,art_plate,A1,K38,350
color_plate,art_plate,A1,K43,350
color_plate,art_plate,A1,L13,350
color_plate,art_plate,A1,L17,350
color_plate,art_plate,A1,L18,350
color_plate,art_plate,A1,L19,350
color_plate,art_plate,A1,L21,350
color_plate,art_plate,A1,L22,350
color_plate,art_plate,A1,L23,350
color_plate,art_plate,A1,L25,350
color_plate,art_plate,A1,L26,350
color_plate,art_plate,A1,L27,350
color_plate,art_plate,A1,L28,350
color_plate,art_plate,A1,L29,350
color_plate,art_plate,A1,L31,350
color_plate,art_plate,A1,L32,350
color_plate,art_plate,A1,L34,350
color_plate,art_plate,A1,L36,350
color_plate,art_plate,A1,L39,350
color_plate,art_plate,A1,L40,350
color_plate,art_plate,A1,L41,350
color_plate,art_plate,A1,L43,350
color_plate,art_plate,A1,L44,350
color_plate,art_plate,A1,M2,350
color_plate,art_plate,A1,M3,350
color_plate,art_plate,A1,M13,350
color_plate,art_plate,A1,M14,350
color_plate,art_plate,A1,M16,350
color_plate,art_plate,A1,M17,350
color_plate,art_plate,A1,M18,350
color_plate,art_plate,A1,M20,350
color_plate,art_plate,A1,M22,350
color_plate,art_plate,A1,M27,350
color_plate,art_plate,A1,M29,350
color_plate,art_plate,A1,M32,350
color_plate,art_plate,A1,M33,350
color_plate,art_plate,A1,M36,350
color_plate,art_plate,A1,M37,350
color_plate,art_plate,A1,M38,350
color_plate,art_plate,A1,M40,350
color_plate,art_plate,A1,M43,350
color_plate,art_plate,A1,N1,350
color_plate,art_plate,A1,N4,350
color_plate,art_plate,A1,N13,350
color_plate,art_plate,A1,N15,350
color_plate,art_plate,A1,N16,350
color_plate,art_plate,A1,N17,350
color_plate,art_plate,A1,N18,350
color_plate,art_plate,A1,N19,350
color_plate,art_plate,A1,N24,350
color_plate,art_plate,A1,N26,350
color_plate,art_plate,A1,N28,350
color_plate,art_plate,A1,N29,350
color_plate,art_plate,A1,N30,350
color_plate,art_plate,A1,N31,350
color_plate,art_plate,A1,N32,350
color_plate,art_plate,A1,N33,350
color_plate,art_plate,A1,N36,350
color_plate,art_plate,A1,N38,350
color_plate,art_plate,A1,N44,350
color_plate,art_plate,A1,O1,350
color_plate,art_plate,A1,O2,350
color_plate,art_plate,A1,O3,350
color_plate,art_plate,A1,O4,350
color_plate,art_plate,A1,O13,350
color_plate,art_plate,A1,O16,350
color_plate,art_plate,A1,O17,350
color_plate,art_plate,A1,O19,350
color_plate,art_plate,A1,O21,350
color_plate,art_plate,A1,O25,350
color_plate,art_plate,A1,O26,350
color_plate,art_plate,A1,O27,350
color_plate,art_plate,A1,O29,350
color_plate,art_plate,A1,O30,350
color_plate,art_plate,A1,O31,350
color_plate,art_plate,A1,O35,350
color_plate,art_plate,A1,O37,350
color_plate,art_plate,A1,O38,350
color_plate,art_plate,A1,P1,350
color_plate,art_plate,A1,P4,350
color_plate,art_plate,A1,P13,350
color_plate,art_plate,A1,P14,350
color_plate,art_plate,A1,P15,350
color_plate,art_plate,A1,P16,350
color_plate,art_plate,A1,P17,350
color_plate,art_plate,A1,P18,350
color_plate,art_plate,A1,P19,350
color_plate,art_plate,A1,P20,350
color_plate,art_plate,A1,P21,350
color_plate,art_plate,A1,P22,350
color_plate,art_plate,A1,P23,350
color_plate,art_plate,A1,P24,350
color_plate,art_plate,A1,P25,350
color_plate,art_plate,A1,P26,350
color_plate,art_plate,A1,P27,350
color_plate,art_plate,A1,P28,350
color_plate,art_plate,A1,P29,350
color_plate,art_plate,A1,P30,350
color_plate,art_plate,A1,P31,350
color_plate,art_plate,A1,P32,350
color_plate,art_plate,A1,P33,350
color_plate,art_plate,A1,P34,350
color_plate,art_plate,A1,P35,350
color_plate,art_plate,A1,P36,350
color_plate,art_plate,A1,P37,350
color_plate,art_plate,A1,P38,350
color_plate,art_plate,A1,P39,350
color_plate,art_plate,A1,P40,350
color_plate,art_plate,A1,P41,350
color_plate,art_plate,A1,P42,350
color_plate,art_plate,A1,P43,350
color_plate,art_plate,A1,P44,350
color_plate,art_plate,A1,Q1,350
color_plate,art_plate,A1,Q4,350
color_plate,art_plate,A1,Q13,350
color_plate,art_plate,A1,Q15,350
color_plate,art_plate,A1,Q17,350
color_plate,art_plate,A1,Q19,350
color_plate,art_plate,A1,Q21,350
color_plate,art_plate,A1,Q23,350
color_plate,art_plate,A1,Q25,350
color_plate,art_plate,A1,Q27,350
color_plate,art_plate,A1,Q29,350
color_plate,art_plate,A1,Q31,350
color_plate,art_plate,A1,Q33,350
color_plate,art_plate,A1,Q35,350
color_plate,art_plate,A1,Q37,350
color_plate,art_plate,A1,Q39,350
color_plate,art_plate,A1,Q41,350
color_plate,art_plate,A1,Q43,350
color_plate,art_plate,A1,R13,350
color_plate,art_plate,A1,R20,350
color_plate,art_plate,A1,R21,350
color_plate,art_plate,A1,R28,350
color_plate,art_plate,A1,R29,350
color_plate,art_plate,A1,R33,350
color_plate,art_plate,A1,R35,350
color_plate,art_plate,A1,R39,350
color_plate,art_plate,A1,R44,350
color_plate,art_plate,A1,S1,350
color_plate,art_plate,A1,S4,350
color_plate,art_plate,A1,S13,350
color_plate,art_plate,A1,S15,350
color_plate,art_plate,A1,S16,350
color_plate,art_plate,A1,S17,350
color_plate,art_plate,A1,S18,350
color_plate,art_plate,A1,S21,350
color_plate,art_plate,A1,S22,350
color_plate,art_plate,A1,S23,350
color_plate,art_plate,A1,S24,350
color_plate,art_plate,A1,S29,350
color_plate,art_plate,A1,S33,350
color_plate,art_plate,A1,S35,350
color_plate,art_plate,A1,S37,350
color_plate,art_plate,A1,S38,350
color_plate,art_plate,A1,S41,350
color_plate,art_plate,A1,T1,350
color_plate,art_plate,A1,T2,350
color_plate,art_plate,A1,T4,350
color_plate,art_plate,A1,T13,350
color_plate,art_plate,A1,T14,350
color_plate,art_plate,A1,T17,350
color_plate,art_plate,A1,T18,350
color_plate,art_plate,A1,T19,350
color_plate,art_plate,A1,T20,350
color_plate,art_plate,A1,T21,350
color_plate,art_plate,A1,T22,350
color_plate,art_plate,A1,T25,350
color_plate,art_plate,A1,T28,350
color_plate,art_plate,A1,T29,350
color_plate,art_plate,A1,T34,350
color_plate,art_plate,A1,T35,350
color_plate,art_plate,A1,T41,350
color_plate,art_plate,A1,T44,350
color_plate,art_plate,A1,U1,350
color_plate,art_plate,A1,U3,350
color_plate,art_plate,A1,U4,350
color_plate,art_plate,A1,U13,350
color_plate,art_plate,A1,U14,350
color_plate,art_plate,A1,U17,350
color_plate,art_plate,A1,U18,350
color_plate,art_plate,A1,U19,350
color_plate,art_plate,A1,U20,350
color_plate,art_plate,A1,U24,350
color_plate,art_plate,A1,U25,350
color_plate,art_plate,A1,U29,350
color_plate,art_plate,A1,U30,350
color_plate,art_plate,A1,U33,350
color_plate,art_plate,A1,U34,350
color_plate,art_plate,A1,U38,350
color_plate,art_plate,A1,U39,350
color_plate,art_plate,A1,U40,350
color_plate,art_plate,A1,U41,350
color_plate,art_plate,A1,U43,350
color_plate,art_plate,A1,V1,350
color_plate,art_plate,A1,V4,350
color_plate,art_plate,A1,V13,350
color_plate,art_plate,A1,V14,350
color_plate,art_plate,A1,V18,350
color_plate,art_plate,A1,V20,350
color_plate,art_plate,A1,V21,350
color_plate,art_plate,A1,V23,350
color_plate,art_plate,A1,V24,350
color_plate,art_plate,A1,V28,350
color_plate,art_plate,A1,V29,350
color_plate,art_plate,A1,V30,350
color_plate,art_plate,A1,V33,350
color_plate,art_plate,A1,V34,350
color_plate,art_plate,A1,V41,350
color_plate,art_plate,A1,V42,350
color_plate,art_plate,A1,V44,350
color_plate,art_plate,A1,W1,350
color_plate,art_plate,A1,W4,350
color_plate,art_plate,A1,W13,350
color_plate,art_plate,A1,W14,350
color_plate,art_plate,A1,W16,350
color_plate,art_plate,A1,W17,350
color_plate,art_plate,A1,W20,350
color_plate,art_plate,A1,W21,350
color_plate,art_plate,A1,W26,350
color_plate,art_plate,A1,W27,350
color_plate,art_plate,A1,W29,350
color_plate,art_plate,A1,W31,350
color_plate,art_plate,A1,W34,350
color_plate,art_plate,A1,W37,350
color_plate,art_plate,A1,W38,350
color_plate,art_plate,A1,W42,350
color_plate,art_plate,A1,X13,350
color_plate,art_plate,A1,X15,350
color_plate,art_plate,A1,X17,350
color_plate,art_plate,A1,X19,350
color_plate,art_plate,A1,X21,350
color_plate,art_plate,A1,X22,350
color_plate,art_plate,A1,X26,350
color_plate,art_plate,A1,X28,350
color_plate,art_plate,A1,X29,350
color_plate,art_plate,A1,X32,350
color_plate,art_plate,A1,X33,350
color_plate,art_plate,A1,X34,350
color_plate,art_plate,A1,X35,350
color_plate,art_plate,A1,X37,350
color_plate,art_plate,A1,X38,350
color_plate,art_plate,A1,X39,350
color_plate,art_plate,A1,X40,350
color_plate,art_plate,A1,X42,350
color_plate,art_plate,A1,X44,350
color_plate,art_plate,A1,Y13,350
color_plate,art_plate,A1,Y16,350
color_plate,art_plate,A1,Y17,350
color_plate,art_plate,A1,Y19,350
color_plate,art_plate,A1,Y20,350
color_plate,art_plate,A1,Y21,350
color_plate,art_plate,A1,Y26,350
color_plate,art_plate,A1,Y27,350
color_plate,art_plate,A1,Y29,350
color_plate,art_plate,A1,Y31,350
color_plate,art_plate,A1,Y32,350
color_plate,art_plate,A1,Y37,350
color_plate,art_plate,A1,Y42,350
color_plate,art_plate,A1,Z13,350
color_plate,art_plate,A1,Z16,350
color_plate,art_plate,A1,Z17,350
color_plate,art_plate,A1,Z18,350
color_plate,art_plate,A1,Z20,350
color_plate,art_plate,A1,Z23,350
color_plate,art_plate,A1,Z25,350
color_plate,art_plate,A1,Z26,350
color_plate,art_plate,A1,Z27,350
color_plate,art_plate,A1,Z28,350
color_plate,art_plate,A1,Z29,350
color_plate,art_plate,A1,Z30,350
color_plate,art_plate,A1,Z31,350
color_plate,art_plate,A1,Z35,350
color_plate,art_plate,A1,Z37,350
color_plate,art_plate,A1,Z40,350
color_plate,art_plate,A1,Z44,350
color_plate,art_plate,A1,AA1,350
color_plate,art_plate,A1,AA4,350
color_plate,art_plate,A1,AA13,350
color_plate,art_plate,A1,AA14,350
color_plate,art_plate,A1,AA15,350
color_plate,art_plate,A1,AA20,350
color_plate,art_plate,A1,AA22,350
color_plate,art_plate,A1,AA23,350
color_plate,art_plate,A1,AA24,350
color_plate,art_plate,A1,AA25,350
color_plate,art_plate,A1,AA29,350
color_plate,art_plate,A1,AA30,350
color_plate,art_plate,A1,AA31,350
color_plate,art_plate,A1,AA36,350
color_plate,art_plate,A1,AA37,350
color_plate,art_plate,A1,AA38,350
color_plate,art_plate,A1,AA39,350
color_plate,art_plate,A1,AB2,350
color_plate,art_plate,A1,AB5,350
color_plate,art_plate,A1,AB13,350
color_plate,art_plate,A1,AB16,350
color_plate,art_plate,A1,AB17,350
color_plate,art_plate,A1,AB19,350
color_plate,art_plate,A1,AB24,350
color_plate,art_plate,A1,AB25,350
color_plate,art_plate,A1,AB28,350
color_plate,art_plate,A1,AB29,350
color_plate,art_plate,A1,AB31,350
color_plate,art_plate,A1,AB34,350
color_plate,art_plate,A1,AB39,350
color_plate,art_plate,A1,AB42,350
color_plate,art_plate,A1,AB43,350
color_plate,art_plate,A1,AB44,350
color_plate,art_plate,A1,AC3,350
color_plate,art_plate,A1,AC6,350
color_plate,art_plate,A1,AC13,350
color_plate,art_plate,A1,AC14,350
color_plate,art_plate,A1,AC15,350
color_plate,art_plate,A1,AC19,350
color_plate,art_plate,A1,AC21,350
color_plate,art_plate,A1,AC22,350
color_plate,art_plate,A1,AC23,350
color_plate,art_plate,A1,AC24,350
color_plate,art_plate,A1,AC26,350
color_plate,art_plate,A1,AC29,350
color_plate,art_plate,A1,AC31,350
color_plate,art_plate,A1,AC32,350
color_plate,art_plate,A1,AC33,350
color_plate,art_plate,A1,AC34,350
color_plate,art_plate,A1,AC35,350
color_plate,art_plate,A1,AC38,350
color_plate,art_plate,A1,AC39,350
color_plate,art_plate,A1,AC40,350
color_plate,art_plate,A1,AD2,350
color_plate,art_plate,A1,AD5,350
color_plate,art_plate,A1,AD13,350
color_plate,art_plate,A1,AD18,350
color_plate,art_plate,A1,AD19,350
color_plate,art_plate,A1,AD20,350
color_plate,art_plate,A1,AD22,350
color_plate,art_plate,A1,AD25,350
color_plate,art_plate,A1,AD26,350
color_plate,art_plate,A1,AD28,350
color_plate,art_plate,A1,AD29,350
color_plate,art_plate,A1,AD34,350
color_plate,art_plate,A1,AD36,350
color_plate,art_plate,A1,AD38,350
color_plate,art_plate,A1,AD39,350
color_plate,art_plate,A1,AD40,350
color_plate,art_plate,A1,AD42,350
color_plate,art_plate,A1,AD44,350
color_plate,art_plate,A1,AE1,350
color_plate,art_plate,A1,AE4,350
color_plate,art_plate,A1,AE13,350
color_plate,art_plate,A1,AE14,350
color_plate,art_plate,A1,AE17,350
color_plate,art_plate,A1,AE18,350
color_plate,art_plate,A1,AE22,350
color_plate,art_plate,A1,AE23,350
color_plate,art_plate,A1,AE25,350
color_plate,art_plate,A1,AE29,350
color_plate,art_plate,A1,AE32,350
color_plate,art_plate,A1,AE34,350
color_plate,art_plate,A1,AE36,350
color_plate,art_plate,A1,AE37,350
color_plate,art_plate,A1,AE38,350
color_plate,art_plate,A1,AE39,350
color_plate,art_plate,A1,AE41,350
color_plate,art_plate,A1,AF13,350
color_plate,art_plate,A1,AF14,350
color_plate,art_plate,A1,AF15,350
color_plate,art_plate,A1,AF16,350
color_plate,art_plate,A1,AF17,350
color_plate,art_plate,A1,AF18,350
color_plate,art_plate,A1,AF19,350
color_plate,art_plate,A1,AF20,350
color_plate,art_plate,A1,AF21,350
color_plate,art_plate,A1,AF22,350
color_plate,art_plate,A1,AF23,350
color_plate,art_plate,A1,AF24,350
color_plate,art_plate,A1,AF25,350
color_plate,art_plate,A1,AF26,350
color_plate,art_plate,A1,AF27,350
color_plate,art_plate,A1,AF28,350
color_plate,art_plate,A1,AF29,350
color_plate,art_plate,A1,AF30,350
color_plate,art_plate,A1,AF31,350
color_plate,art_plate,A1,AF32,350
color_plate,art_plate,A1,AF33,350
color_plate,art_plate,A1,AF34,350
color_plate,art_plate,A1,AF35,350
color_plate,art_plate,A1,AF36,350
color_plate,art_plate,A1,AF37,350
color_plate,art_plate,A1,AF38,350
color_plate,art_plate,A1,AF39,350
color_plate,art_plate,A1,AF40,350
color_plate,art_plate,A1,AF41,350
color_plate,art_plate,A1,AF42,350
color_plate,art_plate,A1,AF43,350
color_plate,art_plate,A1,AF44,350
